{"cameraMode":{"drawMode":0,"name":"Shaded","section":"Shading Mode"},"sceneLighting":true,"audioPlay":false,"sceneViewState":{"showFog":true,"showMaterialUpdate":false,"showSkybox":true,"showFlares":true,"showImageEffects":true,"showParticleSystems":true},"in2DMode":false,"pivot":{"x":360.6204528808594,"y":382.683837890625,"z":334.270751953125},"rotation":{"x":0.015304077416658402,"y":0.02730408124625683,"z":-0.00041797803714871407,"w":0.9995099902153015},"size":2232.80126953125,"orthographic":true}