{"cameraMode":{"drawMode":0,"name":"Shaded","section":"Shading Mode"},"sceneLighting":true,"audioPlay":false,"sceneViewState":{"showFog":true,"showMaterialUpdate":false,"showSkybox":true,"showFlares":true,"showImageEffects":true,"showParticleSystems":true},"in2DMode":false,"pivot":{"x":0.0039520263671875,"y":-0.1435546875,"z":0.29669189453125},"rotation":{"x":0.4617062211036682,"y":0.015687452629208566,"z":-0.008168076165020466,"w":0.8868565559387207},"size":0.8959025144577026,"orthographic":true}