{"cameraMode":{"drawMode":0,"name":"Shaded","section":"Shading Mode"},"sceneLighting":true,"audioPlay":false,"sceneViewState":{"showFog":true,"showMaterialUpdate":false,"showSkybox":true,"showFlares":true,"showImageEffects":true,"showParticleSystems":true},"in2DMode":false,"pivot":{"x":-0.05974388122558594,"y":-0.0701904296875,"z":0.42633056640625},"rotation":{"x":0.25658315420150759,"y":0.009845989756286145,"z":-0.0026149102486670019,"w":0.9664684534072876},"size":0.5041958689689636,"orthographic":true}